{
  "project_info": {
    "project_number": "810000652866",
    "project_id": "ennada123-9ba83",
    "storage_bucket": "ennada123-9ba83.appspot.com"
  },
  "client": [
    {
      "client_info": {
        "mobilesdk_app_id": "1:810000652866:android:7aea191513aafd9b9e2bdb",
        "android_client_info": {
          "package_name": "com.mycompany.medicalbookingapp"
        }
      },
      "oauth_client": [],
      "api_key": [
        {
          "current_key": "AIzaSyD14FlJnjtbMaHXiSQYb8Gpux5q4z21afQ"
        }
      ],
      "services": {
        "appinvite_service": {
          "other_platform_oauth_client": []
        }
      }
    }
  ],
  "configuration_version": "1"
}